{"train_loss": 0.40033817291259766, "val_loss": 0.3993692100048065, "best_val": 0.2018669992685318, "reg_par": 1, "lr": 0.0, "_timestamp": 1656121613, "_runtime": 8830, "_step": 249999, "_wandb": {"runtime": 8832}}