{"train_loss": 0.013252710923552513, "val_loss": 0.012269346043467522, "best_val": 0.0004075492615811527, "reg_par": 1, "lr": 0.0, "_timestamp": 1657224865, "_runtime": 10585, "_step": 249999, "_wandb": {"runtime": 10586}}