{"train_loss": 6.963189730142906, "train_loss1": 3.492871070743676, "train_loss2": 3.4703186601764706, "_timestamp": 1658522376, "_runtime": 12806, "val_loss": 7.0305782820650204, "val_loss1": 3.5786507193913715, "val_loss2": 3.451927566956617, "_step": 96, "_wandb": {"runtime": 12807}}