{"train_loss": 0.2453685998916626, "val_loss": 0.24557597935199738, "best_val": 0.2265896201133728, "reg_par": 1, "lr": 4.9871200000000005e-05, "_timestamp": 1656609215, "_runtime": 7445, "_step": 125321}