{"train_loss": 0.0028127161785960197, "val_loss": 0.003096474101766944, "best_val": 0.0001738658465910703, "reg_par": 1, "lr": 0.0, "_timestamp": 1661464589, "_runtime": 21784, "_step": 249999, "_wandb": {"runtime": 21784}}