{"train_loss": 4.476371198820896, "train_loss1": 2.1987875991567383, "train_loss2": 2.277583595649089, "_timestamp": 1652903098, "_runtime": 18167, "val_loss": 4.860059020603584, "val_loss1": 2.464354587137891, "val_loss2": 2.3957044395986475, "_step": 75, "_wandb": {"runtime": 18179}}