{"train_loss": 0.2531737685203552, "val_loss": 0.2524415850639343, "best_val": 0.24264943599700928, "reg_par": 0.018809999999999404, "lr": 0.001, "_timestamp": 1656600807, "_runtime": 108, "_step": 1880, "_wandb": {"runtime": 109}}