{"train_loss": 0.24776716530323029, "val_loss": 0.24316172301769257, "best_val": 0.24192793667316437, "reg_par": 1, "lr": 0.00043286400000000004, "_timestamp": 1656609215, "_runtime": 8337, "_step": 141783}