{"train_loss": 0.23739898204803467, "val_loss": 0.23811054229736328, "best_val": 0.21227717399597168, "reg_par": 1, "_timestamp": 1656001690, "_runtime": 7562, "_step": 249999, "_wandb": {"runtime": 7562}}