{"loss": 0.00036318006459623575, "lr": 0.0009025, "_timestamp": 1655759925, "_runtime": 21443, "_step": 242519}