{"train_loss": 0.3501347005367279, "val_loss": 0.34957754611968994, "best_val": 0.2284996062517166, "reg_par": 1, "lr": 0.0, "_timestamp": 1656629878, "_runtime": 18880, "_step": 249999, "_wandb": {"runtime": 18881}}