{"loss": 3.12213228426117e-06, "lr": 0.0005987369392383785, "_timestamp": 1655978398, "_runtime": 88982, "_step": 999999, "_wandb": {"runtime": 88984}}