{"loss": 0.00034039802267216146, "lr": 0.00095, "_timestamp": 1655775185, "_runtime": 9830, "_step": 111216}