{"train_loss": 0.26088154315948486, "val_loss": 0.2624298930168152, "best_val": 0.19621571898460388, "reg_par": 1, "lr": 0.0001, "_timestamp": 1656153936, "_runtime": 8672, "_step": 249999, "_wandb": {"runtime": 8672}}