{"loss": 0.0003088028752245009, "lr": 0.0005987369392383785, "_timestamp": 1656099335, "_runtime": 88875, "_step": 1000000, "_wandb": {"runtime": 88876}}