{"train_loss": 0.0053315674886107445, "val_loss": 0.004266193136572838, "best_val": 0.0007767599890939891, "reg_par": 1, "lr": 0.0, "_timestamp": 1659962212, "_runtime": 15212, "_step": 249999, "_wandb": {"runtime": 15212}}