{"train_loss": 0.3284856975078583, "val_loss": 0.3297160565853119, "best_val": 0.23544983565807343, "reg_par": 1, "lr": 0.0, "_timestamp": 1656629782, "_runtime": 18826, "_step": 249999, "_wandb": {"runtime": 18827}}