{"loss": 1.4530211274177418e-06, "lr": 0.000857375, "_timestamp": 1655834585, "_runtime": 28313, "_step": 319762}