{"train_loss": 0.13257747888565063, "val_loss": 0.13549096882343292, "reg_par": 1, "_timestamp": 1655492814, "_runtime": 12354, "_step": 235166, "_wandb": {"runtime": 12355}}