{"train_loss": 0.27743011713027954, "val_loss": 0.28004002571105957, "best_val": 0.20934677124023438, "reg_par": 1, "lr": 0.0, "_timestamp": 1656122004, "_runtime": 8967, "_step": 249999, "_wandb": {"runtime": 8968}}