{"tr_loss": 0.00044776614289730786, "eval": 0.9971997993332999, "best_eval": 0.9973980188369751, "_timestamp": 1657416265, "_runtime": 183859, "_step": 9999, "_wandb": {"runtime": 183860}}