{"loss": 1.1979494956904091e-05, "lr": 0.0005987369392383785, "_timestamp": 1661521315, "_runtime": 77889, "_step": 1000000, "_wandb": {"runtime": 77891}}