{"train_loss": 0.015500932931900024, "val_loss": 0.011700646951794624, "best_val": 0.0006549527170136571, "reg_par": 1, "lr": 0.0, "_timestamp": 1657224887, "_runtime": 10597, "_step": 249999, "_wandb": {"runtime": 10598}}