{"loss": 0.000317458005156368, "lr": 0.000857375, "_timestamp": 1655834584, "_runtime": 28293, "_step": 318232}