{"loss": 0.00027962011517956853, "lr": 0.0005987369392383785, "_timestamp": 1655978472, "_runtime": 89087, "_step": 999999, "_wandb": {"runtime": 89088}}