{"train_loss": 0.24432848393917084, "val_loss": 0.24430778622627258, "best_val": 0.23183435201644897, "reg_par": 1, "lr": 0.00020575600000000005, "_timestamp": 1656609215, "_runtime": 7482, "_step": 198560}