{"train_loss": 0.250149130821228, "val_loss": 0.2501497268676758, "best_val": 0.23229411244392395, "reg_par": 1, "lr": 2.4268400000000003e-05, "_timestamp": 1656609215, "_runtime": 7460, "_step": 189328}