{"train_loss": 0.2509628236293793, "val_loss": 0.2488282322883606, "best_val": 0.2059670388698578, "reg_par": 1, "lr": 0.0001, "_timestamp": 1656153818, "_runtime": 8679, "_step": 249999, "_wandb": {"runtime": 8680}}