{"train_loss": 0.26838594675064087, "val_loss": 0.2680913805961609, "best_val": 0.20826779305934906, "reg_par": 1, "lr": 0.0, "_timestamp": 1656121664, "_runtime": 8839, "_step": 249999, "_wandb": {"runtime": 8840}}