{"train_loss": 0.25014907121658325, "val_loss": 0.2501497268676758, "best_val": 0.24981103837490082, "reg_par": 1, "lr": 0.0, "_timestamp": 1656629860, "_runtime": 18912, "_step": 249999, "_wandb": {"runtime": 18913}}