{"train_loss": 0.2403177171945572, "val_loss": 0.24027132987976074, "best_val": 0.2221885770559311, "reg_par": 1, "lr": 0.0, "_timestamp": 1656629860, "_runtime": 18851, "_step": 249999, "_wandb": {"runtime": 18852}}