{"train_loss": 0.14798122644424438, "val_loss": 0.14786756038665771, "reg_par": 1, "_timestamp": 1655480151, "_runtime": 7546, "_step": 249999, "_wandb": {"runtime": 7547}}