{"train_loss": 0.012196926400065422, "val_loss": 0.010106312111020088, "best_val": 0.0006766521255485713, "reg_par": 1, "lr": 0.0, "_timestamp": 1657225058, "_runtime": 10589, "_step": 249999, "_wandb": {"runtime": 10590}}