{"train_loss": 6.973646572191421, "train_loss1": 3.4873154649179274, "train_loss2": 3.4863311150302625, "_timestamp": 1661468380, "_runtime": 24520, "val_loss": 7.077751345668279, "val_loss1": 3.5827466613012002, "val_loss2": 3.495004653930664, "_step": 62, "_wandb": {"runtime": 24521}}