{"train_loss": 0.002591993659734726, "val_loss": 0.0010543556418269873, "best_val": 0.00020024346304126084, "reg_par": 1, "lr": 0.0, "_timestamp": 1661464502, "_runtime": 21730, "_step": 249999, "_wandb": {"runtime": 21730}}