{"train_loss": 0.2501492500305176, "val_loss": 0.2501501441001892, "best_val": 0.24451176822185516, "reg_par": 1, "lr": 0.0, "_timestamp": 1656620017, "_runtime": 8919, "_step": 249999, "_wandb": {"runtime": 8920}}