{"train_loss": 0.28923508524894714, "val_loss": 0.28857314586639404, "best_val": 0.19804830849170685, "reg_par": 1, "lr": 0.0, "_timestamp": 1656153396, "_runtime": 8573, "_step": 249999, "_wandb": {"runtime": 8574}}