{"train_loss": 0.004822433460503817, "val_loss": 0.005296347197145224, "best_val": 0.0012323076371103525, "reg_par": 1, "lr": 0.0, "_timestamp": 1659962330, "_runtime": 15245, "_step": 249999, "_wandb": {"runtime": 15245}}