{"loss": 3.083501383116527e-07, "lr": 0.0005987369392383785, "_timestamp": 1657600053, "_runtime": 402666, "_step": 1000000, "_wandb": {"runtime": 402667}}