{"train_loss": 0.25041019916534424, "val_loss": 0.24998915195465088, "reg_par": 1, "_timestamp": 1655775184, "_runtime": 8712, "_step": 200622}