{"train_loss": 0.28551575541496277, "val_loss": 0.28562989830970764, "best_val": 0.21417748928070068, "reg_par": 1, "lr": 0.0, "_timestamp": 1656121678, "_runtime": 8913, "_step": 249999, "_wandb": {"runtime": 8913}}