{"train_loss": 0.3438184857368469, "val_loss": 0.34433719515800476, "best_val": 0.21036027371883392, "reg_par": 1, "lr": 0.0, "_timestamp": 1656153417, "_runtime": 8574, "_step": 249999, "_wandb": {"runtime": 8575}}