{"train_loss": 0.38792669773101807, "val_loss": 0.3871924579143524, "best_val": 0.20207402110099792, "reg_par": 1, "lr": 0.0, "_timestamp": 1656121971, "_runtime": 8953, "_step": 249999, "_wandb": {"runtime": 8953}}