{"train_loss": 0.004505148157477379, "val_loss": 0.0038608992472290993, "best_val": 0.0010464009828865528, "reg_par": 1, "lr": 0.0, "_timestamp": 1659962291, "_runtime": 15239, "_step": 249999, "_wandb": {"runtime": 15239}}