{"train_loss": 0.2710955739021301, "val_loss": 0.27134573459625244, "best_val": 0.19241197407245636, "reg_par": 1, "lr": 0.0, "_timestamp": 1656121641, "_runtime": 8895, "_step": 249999, "_wandb": {"runtime": 8895}}