{"loss": 7.191491749836132e-05, "lr": 0.0005987369392383785, "_timestamp": 1656105043, "_runtime": 88954, "_step": 1000000, "_wandb": {"runtime": 88955}}